"Attractions","Park","SubPark","Ride Type","Minimum Age","Height","Height Requirement","URL","Rain Safe","Attraction ID","location","Genie Plus Lightning Lane","Single Pass Lightning Lane","attractionImage","Interest","Name One Can Ride","Name Two Can Ride","Ridden Before","Rating","Notes","Must Do","yesRide","maybeRide","noRide","Interest1","Interest2","Interest3","Interest4","Interest5","AttractionsNew (Manage Item)","AttractionsNew (Item)","AttractionsNew (List)","ID","Created Date","Updated Date","Owner","Description","Lighting Lane","parkIcon"
"Peter Pan’s Flight","Magic Kingdom","Fantasyland","[""Slow Rides"",""Small Drops"",""Dark""]","All Ages","Any Height",0,"https://disneyworld.disney.go.com/attractions/magic-kingdom/peter-pan-flight/",true,"86a41273-5f15-4b54-93b6-829f140e5161","28.420327, -81.581859",5,,"wix:image://v1/a99c0f_178b20458d7143ac9192f6f938959aa9~mv2.jpg/peter-pans-flight.jpg#originWidth=640&originHeight=298",4,"[""Yes""]","[""Yes""]","[""Luca"",""Theo"",""Jenn"",""Nate""]","4",,true,,,,,,,,,"/attractionsnew/edit/peter-pan%E2%80%99s-flight","/attractionsnew-1/peter-pan%E2%80%99s-flight","/attractionsnew/","004e5f75-de06-4713-a321-709fdab70bc0",2022-11-23T03:14:48Z,2024-12-17T03:10:13Z,"a99c0fb9-f2ba-4022-a06f-fdbcb3a808ea","A charming, gentle ride perfect for families and small children.","Multi Pass A","wix:vector://v1/a99c0f_7bc3937071d94b818ec0bea270ba7aad.svg/MK.svg"
"Spaceship Earth","EPCOT","World Celebration","[""Slow Rides"",""Dark""]","All Ages","Any Height",0,"https://disneyworld.disney.go.com/attractions/epcot/spaceship-earth/",true,"480fde8f-fe58-4bfb-b3ab-052a39d4db7c","28.375183, -81.549403",5,,"wix:image://v1/a99c0f_d3d7af3e9bf2410eac6e9c702f090723~mv2.jpg/spaceship-earth.jpg#originWidth=640&originHeight=428",4,"[""Yes""]","[""Yes""]","[""Luca"",""Jenn"",""Nate""]","2",,true,,,,,,,,,"/attractionsnew/edit/spaceship-earth","/attractionsnew-1/spaceship-earth","/attractionsnew/","010fe3a6-836b-4891-acb1-5ab4ed01a9ce",2022-11-23T03:14:48Z,2024-12-17T03:11:29Z,"a99c0fb9-f2ba-4022-a06f-fdbcb3a808ea","A slow-moving educational ride; great for all ages who enjoy history and technology.","Multi Pass B","wix:vector://v1/a99c0f_456629fa38dd4e7095c8da523654a1e0.svg/EC.svg"
"Toy Story Mania!","Hollywood Studios","Sunset Boulevard","[""Spinning"",""4D""]","All Ages","Any Height",0,"https://disneyworld.disney.go.com/attractions/hollywood-studios/toy-story-mania/",true,"20b5daa8-e1ea-436f-830c-2d7d18d929b5","28.356182, -81.561888",5,,"wix:image://v1/a99c0f_63d6b3404a6a4ac4aee7edddb896ec39~mv2.jpg/toy-story-mania.jpg#originWidth=640&originHeight=427",4,"[""Yes""]","[""Yes""]",,,,true,,,,,,,,,"/attractionsnew/edit/toy-story-mania!","/attractionsnew-1/toy-story-mania!","/attractionsnew/","03f64121-4562-4c3e-bc03-5d91fb88f00b",2022-11-23T03:14:48Z,2024-12-17T03:11:02Z,"a99c0fb9-f2ba-4022-a06f-fdbcb3a808ea","Interactive and fun for everyone; kids will love the colorful games.","Multi Pass B","wix:vector://v1/a99c0f_3ca1fe18764b43ab9d5b46f3fd338dfa.svg/HS.svg"
"Star Tours – The Adventures Continue","Hollywood Studios","Echo Lake","[""Small Drops""]","Kids","40""",40,"https://disneyworld.disney.go.com/attractions/hollywood-studios/star-tours/",true,"3b290419-8ca2-44bc-a710-a6c83fca76ec","28.355414, -81.558660",5,,"wix:image://v1/a99c0f_6fa9fe31496044ceab8857e4313ecc8c~mv2.jpg/star-tours.jpg#originWidth=640&originHeight=426",4,"[""Yes""]","[""Yes""]",,,,true,,,,,,,,,"/attractionsnew/edit/star-tours-%E2%80%93-the-adventures-continue","/attractionsnew-1/star-tours-%E2%80%93-the-adventures-continue","/attractionsnew/","0ba378d6-fc4b-4842-83df-e5ace9a9b90c",2022-11-23T03:14:48Z,2024-12-17T03:11:02Z,"a99c0fb9-f2ba-4022-a06f-fdbcb3a808ea","A thrilling Star Wars simulator; not ideal for motion-sensitive riders or small kids.","Multi Pass B","wix:vector://v1/a99c0f_3ca1fe18764b43ab9d5b46f3fd338dfa.svg/HS.svg"
"Vacation Fun (at Mickey Shorts Theater)","Hollywood Studios","Echo Lake","[""Show""]","All Ages","Any Height",0,"https://disneyworld.disney.go.com/attractions/hollywood-studios/vacation-fun/",true,"9211adc9-b296-4667-8e97-b40cf76108e4","28.356171, -81.559303",5,,"wix:image://v1/a99c0f_969a45e57df044faa5410e63441b8390~mv2.jpg/vacation-fun-at-mickey-shorts-theater.jpg#originWidth=640&originHeight=411",1,"[""Yes""]","[""Yes""]",,,"Funny Mickey shows",false,,,,,,,,,"/attractionsnew/edit/vacation-fun-(at-mickey-shorts-theater)","/attractionsnew-1/vacation-fun-(at-mickey-shorts-theater)","/attractionsnew/","15b6c233-8f71-417f-a504-8fea77b90acf",2022-11-23T03:14:48Z,2024-12-17T03:11:02Z,"a99c0fb9-f2ba-4022-a06f-fdbcb3a808ea","A delightful short film; fun for all ages and great for a break from the heat.","Not Available","wix:vector://v1/a99c0f_3ca1fe18764b43ab9d5b46f3fd338dfa.svg/HS.svg"
"TRON Lightcycle / Run","Magic Kingdom","Tomorrowland","[""Thrill Ride"",""Big Drops"",""Dark""]","Kids","48""",48,"https://disneyworld.disney.go.com/attractions/magic-kingdom/tron-lightcycle-run/",true,"5a43d1a7-ad53-4d25-abfe-25625f0da304","28.419625, -81.577985",0,true,"wix:image://v1/a99c0f_9c3332c0d2ab4ad4a78b17d8b9dfc283~mv2.avif/TRON_KV_MOMENTUM-1x1.avif#originWidth=496&originHeight=496",5,"[""Yes""]","[""Maybe""]",,,,true,,,,,,,,,"/attractionsnew/edit/tron-lightcycle-%2F-run","/attractionsnew-1/tron-lightcycle-%2F-run","/attractionsnew/","173322e0-c1b0-4f69-bd38-2467734a3544",2024-11-28T03:31:43Z,2024-12-17T03:10:06Z,"a99c0fb9-f2ba-4022-a06f-fdbcb3a808ea","A thrilling high-speed coaster; not for small kids or those who dislike intense rides.","Single Pass","wix:vector://v1/a99c0f_7bc3937071d94b818ec0bea270ba7aad.svg/MK.svg"
"The Many Adventures of Winnie the Pooh","Magic Kingdom","Fantasyland","[""Slow Rides""]","All Ages","Any Height",0,"https://disneyworld.disney.go.com/attractions/magic-kingdom/many-adventures-of-winnie-the-pooh/",true,"0d94ad60-72f0-4551-83a6-ebaecdd89737","28.419997, -81.580523",5,,"wix:image://v1/a99c0f_0c6c66467b38444bb1ac614c645b04c4~mv2.jpg/the-many-adventures-of-winnie-the-pooh.jpg#originWidth=640&originHeight=361",4,"[""Yes""]","[""Yes""]",,,,true,,,,,,,,,"/attractionsnew/edit/the-many-adventures-of-winnie-the-pooh","/attractionsnew-1/the-many-adventures-of-winnie-the-pooh","/attractionsnew/","1c31479a-79b0-4510-b4f5-838f13dbf049",2022-11-23T03:14:48Z,2024-12-17T03:10:13Z,"a99c0fb9-f2ba-4022-a06f-fdbcb3a808ea","A whimsical ride through Pooh’s world; perfect for younger kids.","Multi Pass B","wix:vector://v1/a99c0f_7bc3937071d94b818ec0bea270ba7aad.svg/MK.svg"
"Kilimanjaro Safaris","Animal Kingdom","Africa","[""Slow Rides""]","All Ages","Any Height",0,"https://disneyworld.disney.go.com/attractions/animal-kingdom/kilimanjaro-safaris/",false,"32e01181-9a5f-4936-8a77-0dace1de836c","28.359513, -81.592326",5,,"wix:image://v1/a99c0f_5b6da22d16184693b91e395b35124231~mv2.jpg/kilimanjaro-safaris.jpg#originWidth=640&originHeight=254",3,"[""Yes""]","[""Yes""]","[""Luca"",""Theo"",""Jenn"",""Nate""]","3",,false,,,,,,,,,"/attractionsnew/edit/kilimanjaro-safaris","/attractionsnew-1/kilimanjaro-safaris","/attractionsnew/","205a886c-825f-4f7a-9d37-6f3bf5416944",2022-11-23T03:14:48Z,2024-12-17T03:10:37Z,"a99c0fb9-f2ba-4022-a06f-fdbcb3a808ea","A real-life safari experience; mild and suitable for all ages who love animals.","Multi Pass A","wix:vector://v1/a99c0f_8fe685a9f19b4c999057e518ebb190d1.svg/AK.svg"
"The American Adventure","EPCOT","World Showcase","[""Walking Attraction""]","All Ages","Any Height",0,"https://disneyworld.disney.go.com/attractions/epcot/american-adventure/",true,"1f542745-cda1-4786-a536-5fff373e5964","28.367500, -81.549389",5,,"wix:image://v1/a99c0f_be58c0ad0a8e4408817f3ba9925b6b82~mv2.jpg/the-american-adventure.jpg#originWidth=640&originHeight=360",2,"[""Yes""]","[""Yes""]",,,,false,,,,,,,,,"/attractionsnew/edit/the-american-adventure","/attractionsnew-1/the-american-adventure","/attractionsnew/","21199dfc-2037-4846-b7bc-0ed771a268ac",2022-11-23T03:14:48Z,2024-12-17T03:11:29Z,"a99c0fb9-f2ba-4022-a06f-fdbcb3a808ea","Inspiring show; best for those who enjoy history and culture, not a thrill ride.","Not Available","wix:vector://v1/a99c0f_456629fa38dd4e7095c8da523654a1e0.svg/EC.svg"
"Guardians of the Galaxy: Cosmic Rewind","EPCOT","World Discovery","[""Thrill Ride"",""Dark""]","Tweens","42""",42,"https://disneyworld.disney.go.com/attractions/epcot/guardians-of-the-galaxy-cosmic-rewind/",true,"e3549451-b284-453d-9c31-e3b1207abd79","28.375061, -81.547769",0,true,"wix:image://v1/a99c0f_8ac00c3eb2b04cd998251b4e348657d3~mv2.png/guardians.png#originWidth=800&originHeight=468",5,"[""Yes""]","[""No""]",,,,true,,,,,,,,,"/attractionsnew/edit/guardians-of-the-galaxy%3A-cosmic-rewind","/attractionsnew-1/guardians-of-the-galaxy%3A-cosmic-rewind","/attractionsnew/","3132103e-c10d-46ff-bc73-cd5349d242f9",2022-11-23T03:14:48Z,2024-12-17T03:11:29Z,"a99c0fb9-f2ba-4022-a06f-fdbcb3a808ea","High-energy coaster; thrilling and not suitable for small children.","Single Pass","wix:vector://v1/a99c0f_456629fa38dd4e7095c8da523654a1e0.svg/EC.svg"
"Slinky Dog Dash","Hollywood Studios","Toy Story Land","[""Thrill Ride"",""Small Drops""]","Kids","38""",38,"https://disneyworld.disney.go.com/attractions/hollywood-studios/slinky-dog-dash/",false,"399aa0a1-98e2-4d2b-b297-2b451e9665e1","28.356444, -81.562940",3,,"wix:image://v1/a99c0f_2fd962634fbd47a7a9386363c5c2ac3b~mv2.jpg/slinky-dog-dash.jpg#originWidth=640&originHeight=427",3,"[""Yes""]","[""Maybe""]",,,,true,,,,,,,,,"/attractionsnew/edit/slinky-dog-dash","/attractionsnew-1/slinky-dog-dash","/attractionsnew/","32b03f6a-aa7b-4918-beab-bdb559468aa7",2022-11-23T03:14:48Z,2024-12-17T03:11:02Z,"a99c0fb9-f2ba-4022-a06f-fdbcb3a808ea","A smooth, fun coaster great for families with young kids ready for light thrills.","Multi Pass A","wix:vector://v1/a99c0f_3ca1fe18764b43ab9d5b46f3fd338dfa.svg/HS.svg"
"Tiana's Bayou Adventure","Magic Kingdom","Frontierland","[""Thrill Ride"",""Water Ride"",""Big Drops""]","Kids","40""",40,"https://disneyworld.disney.go.com/attractions/magic-kingdom/splash-mountain/",false,"73cb9445-0695-47a3-87ce-d08ae36b5f3c","28.419149, -81.584800",3,,"wix:image://v1/a99c0f_fca1ea93ec414c069cb570ad421544ab~mv2.webp/Tianas_Bayou_Adventure-Attraction_Content_Capture-7_9-1x1.webp#originWidth=496&originHeight=496",4,"[""Yes""]","[""Yes""]","[""Luca"",""Jenn"",""Nate""]","5",,true,,,,,,,,,"/attractionsnew/edit/tiana's-bayou-adventure","/attractionsnew-1/tiana's-bayou-adventure","/attractionsnew/","333c2ab2-1831-4f09-8755-502e8d61b345",2022-11-23T03:14:48Z,2024-12-17T03:10:13Z,"a99c0fb9-f2ba-4022-a06f-fdbcb3a808ea","A musical, family-friendly boat ride with mild drops; fun for most ages.","Multi Pass A","wix:vector://v1/a99c0f_7bc3937071d94b818ec0bea270ba7aad.svg/MK.svg"
"Advanced Training Lab","EPCOT","World Discovery","[""Play Area""]","All Ages","Any Height",0,"https://disneyworld.disney.go.com/attractions/epcot/mission-space-advanced-training-lab/",true,"3d8f8f8f-f984-4d2e-8dea-5a79432bdf05","28.373943, -81.546943",5,,"wix:image://v1/a99c0f_42c471fa4c4d4301945f374c9d14c942~mv2.jpg/advanced-training-lab.jpg#originWidth=640&originHeight=360",1,"[""Yes""]","[""Yes""]",,,,false,,,,,,,,,"/attractionsnew/edit/advanced-training-lab","/attractionsnew-1/advanced-training-lab","/attractionsnew/","35ef65a6-2801-4155-ad71-7945ac438555",2022-11-23T03:14:48Z,2024-12-17T03:11:29Z,"a99c0fb9-f2ba-4022-a06f-fdbcb3a808ea","Interactive and educational; ideal for kids and space enthusiasts.","Not Available","wix:vector://v1/a99c0f_456629fa38dd4e7095c8da523654a1e0.svg/EC.svg"
"Avatar Flight of Passage","Animal Kingdom","Pandora","[""Thrill Ride""]","Kids","44""",44,"https://disneyworld.disney.go.com/attractions/animal-kingdom/avatar-flight-of-passage/",true,"24cf863c-b6ba-4826-a056-0b698989cbf7","28.355264, -81.592235",0,true,"wix:image://v1/a99c0f_320254a610424898badbb9fada6dd6db~mv2.png/avatar-flight-of-passage.png#originWidth=652&originHeight=367",5,"[""Yes""]","[""No""]","[""Luca"",""Jenn"",""Nate""]","5","Best ride ever ",true,,,,,,,,,"/attractionsnew/edit/avatar-flight-of-passage","/attractionsnew-1/avatar-flight-of-passage","/attractionsnew/","36db4565-d175-4450-a87f-6c69d32b74a7",2022-11-23T03:14:48Z,2024-12-17T03:10:37Z,"a99c0fb9-f2ba-4022-a06f-fdbcb3a808ea","A breathtaking 3D flight simulation; may overwhelm younger kids or motion-sensitive riders.","Single Pass","wix:vector://v1/a99c0f_8fe685a9f19b4c999057e518ebb190d1.svg/AK.svg"
"Buzz Lightyear’s Space Ranger Spin","Magic Kingdom","Tomorrowland","[""Slow Rides"",""Spinning""]","All Ages","Any Height",0,"https://disneyworld.disney.go.com/attractions/magic-kingdom/buzz-lightyear-space-ranger-spin/",true,"72c7343a-f7fb-4f66-95df-c91016de7338","28.416462, -81.581224",5,,"wix:image://v1/a99c0f_48d86df97b5e40588f73adb0fe79206a~mv2.jpg/buzz-lightyear-space-ranger-spin.jpg#originWidth=640&originHeight=360",2,"[""Yes""]","[""Yes""]",,,,false,,,,,,,,,"/attractionsnew/edit/buzz-lightyear%E2%80%99s-space-ranger-spin","/attractionsnew-1/buzz-lightyear%E2%80%99s-space-ranger-spin","/attractionsnew/","39c1f9cb-7538-40f3-a210-2070098e0880",2022-11-23T03:14:48Z,2024-12-17T03:10:13Z,"a99c0fb9-f2ba-4022-a06f-fdbcb3a808ea","Interactive and exciting for all ages; perfect for younger kids who love shooting games.","Multi Pass B","wix:vector://v1/a99c0f_7bc3937071d94b818ec0bea270ba7aad.svg/MK.svg"
"The Haunted Mansion","Magic Kingdom","Liberty Square","[""Slow Rides"",""Dark""]","All Ages","Any Height",0,"https://disneyworld.disney.go.com/attractions/magic-kingdom/haunted-mansion/",true,"2551a77d-023f-4ab1-9a19-8afec0190f39","28.420051, -81.582831",2,,"wix:image://v1/a99c0f_ffe5609dcd454ec9ae9802dbd16a5b61~mv2.jpg/the-haunted-mansion.jpg#originWidth=640&originHeight=479",4,"[""Maybe""]","[""No""]","[""Jenn""]","5",,true,,,,,,,,,"/attractionsnew/edit/the-haunted-mansion","/attractionsnew-1/the-haunted-mansion","/attractionsnew/","3f324208-e673-454a-a1d0-e1e1cde8a174",2022-11-23T03:14:48Z,2024-12-17T03:10:13Z,"a99c0fb9-f2ba-4022-a06f-fdbcb3a808ea","Spooky yet whimsical; suitable for most kids but may be too eerie for sensitive ones.","Multi Pass A","wix:vector://v1/a99c0f_7bc3937071d94b818ec0bea270ba7aad.svg/MK.svg"
"Soarin’ Around the World","EPCOT","World Nature","[""Slow Rides"",""Small Drops""]","Kids","40""",40,"https://disneyworld.disney.go.com/attractions/epcot/soarin-around-world/",true,"81b15dfd-cf6a-466f-be59-3dd65d2a2807","28.373622, -81.552088",5,,"wix:image://v1/a99c0f_027393306d8546dfbfd35b62b3b1ed31~mv2.jpg/soarin-around-the-world.jpg#originWidth=640&originHeight=444",4,"[""Yes""]","[""Yes""]","[""Luca"",""Jenn"",""Nate""]","4",,true,,,,,,,,,"/attractionsnew/edit/soarin%E2%80%99-around-the-world","/attractionsnew-1/soarin%E2%80%99-around-the-world","/attractionsnew/","43bfd150-4d90-47f7-a4b3-65cf7286483e",2022-11-23T03:14:48Z,2024-12-17T03:11:29Z,"a99c0fb9-f2ba-4022-a06f-fdbcb3a808ea","A gentle hang-gliding simulator; enjoyable for most ages, but heights may scare some.","Multi Pass A","wix:vector://v1/a99c0f_456629fa38dd4e7095c8da523654a1e0.svg/EC.svg"
"Seven Dwarfs Mine Train","Magic Kingdom","Fantasyland","[""Thrill Ride"",""Small Drops""]","Kids","38""",38,"https://disneyworld.disney.go.com/attractions/magic-kingdom/seven-dwarfs-mine-train/",false,"9d4d5229-7142-44b6-b4fb-528920969a2c","28.420425, -81.580411",0,true,"wix:image://v1/a99c0f_d8d495e6b5dc4797a72003a9aa80ff37~mv2.jpg/seven-dwarfs-mine-train.jpg#originWidth=640&originHeight=427",4,"[""Yes""]","[""Maybe""]",,,,true,,,,,,,,,"/attractionsnew/edit/seven-dwarfs-mine-train","/attractionsnew-1/seven-dwarfs-mine-train","/attractionsnew/","54b8eaae-dd0b-40ac-84d3-a9f2bdb22b45",2022-11-23T03:14:48Z,2024-12-17T03:10:13Z,"a99c0fb9-f2ba-4022-a06f-fdbcb3a808ea","A smooth and family-friendly coaster with mild thrills; great for kids and adults.","Single Pass","wix:vector://v1/a99c0f_7bc3937071d94b818ec0bea270ba7aad.svg/MK.svg"
"Tom Sawyer Island","Magic Kingdom","Frontierland","[""Walking Attraction""]","All Ages","Any Height",0,"https://disneyworld.disney.go.com/attractions/magic-kingdom/tom-sawyer-island/",false,"4bef7560-ed81-47c7-b178-6544abe3daaf","28.419783, -81.583496",5,,"wix:image://v1/a99c0f_5ee974542b56499aaa43d0d06e76aaa3~mv2.jpg/tom-sawyer-island.jpg#originWidth=640&originHeight=428",2,"[""Yes""]","[""Yes""]",,,,false,,,,,,,,,"/attractionsnew/edit/tom-sawyer-island","/attractionsnew-1/tom-sawyer-island","/attractionsnew/","5b0ac15a-1d22-4ec8-a0b4-fca73dacbc8d",2022-11-23T03:14:48Z,2024-12-17T03:10:13Z,"a99c0fb9-f2ba-4022-a06f-fdbcb3a808ea","Fun exploration for kids; great for families who enjoy active outdoor adventures.","Not Available","wix:vector://v1/a99c0f_7bc3937071d94b818ec0bea270ba7aad.svg/MK.svg"
"Maharajah Jungle Trek","Animal Kingdom","Asia","[""Walking Attraction""]","All Ages","Any Height",0,"https://disneyworld.disney.go.com/attractions/animal-kingdom/maharajah-jungle-trek/",false,"1a8ea967-229a-42a0-8290-59b036c84e14","28.359385, -81.589349",5,,"wix:image://v1/a99c0f_3e0a8c55a4da4b17b899cb8b0f93d659~mv2.jpg/maharajah-jungle-trek.jpg#originWidth=640&originHeight=480",2,"[""Yes""]","[""Yes""]",,,,false,,,,,,,,,"/attractionsnew/edit/maharajah-jungle-trek","/attractionsnew-1/maharajah-jungle-trek","/attractionsnew/","5df71217-b707-4bbd-ad5a-8a6dbb70b916",2022-11-23T03:14:48Z,2024-12-17T03:10:37Z,"a99c0fb9-f2ba-4022-a06f-fdbcb3a808ea","A peaceful trail with animal encounters; great for kids and adults who enjoy wildlife.","Not Available","wix:vector://v1/a99c0f_8fe685a9f19b4c999057e518ebb190d1.svg/AK.svg"
"TriceraTop Spin","Animal Kingdom","DinoLand USA","[""Slow Rides"",""Spinning""]","All Ages","Any Height",0,"https://disneyworld.disney.go.com/attractions/animal-kingdom/tricera-top-spin/",true,"1627c724-112c-4361-aeba-dae80082c90d","28.356447, -81.588188",5,,"wix:image://v1/a99c0f_a6e6857205584b15aad192a854547b9b~mv2.jpg/triceratops-spin.jpg#originWidth=640&originHeight=480",1,"[""Yes""]","[""Yes""]",,,,false,,,,,,,,,"/attractionsnew/edit/triceratop-spin","/attractionsnew-1/triceratop-spin","/attractionsnew/","5edc4d6d-bf39-4b8b-8c2f-1514e5012815",2022-11-23T03:14:48Z,2024-12-17T03:10:37Z,"a99c0fb9-f2ba-4022-a06f-fdbcb3a808ea","A dino-themed spinner; mild and perfect for younger children.","Not Available","wix:vector://v1/a99c0f_8fe685a9f19b4c999057e518ebb190d1.svg/AK.svg"
"Walt Disney’s Carousel of Progress","Magic Kingdom","Tomorrowland","[""Slow Rides""]","All Ages","Any Height",0,"https://disneyworld.disney.go.com/attractions/magic-kingdom/walt-disney-carousel-of-progress/",true,"8183f3f2-1b59-4b9c-b634-6a863bdf8d84","28.417770, -81.578928",5,,"wix:image://v1/a99c0f_0ecb8b356223419e9884171e4dde9e58~mv2.jpg/walt-disneys-carousel-of-progress.jpg#originWidth=640&originHeight=480",2,"[""Yes""]","[""Yes""]",,,,true,,,,,,,,,"/attractionsnew/edit/walt-disney%E2%80%99s-carousel-of-progress","/attractionsnew-1/walt-disney%E2%80%99s-carousel-of-progress","/attractionsnew/","62187efc-c935-4e0b-8a8a-1961a34eaa62",2022-11-23T03:14:48Z,2024-12-17T03:10:13Z,"a99c0fb9-f2ba-4022-a06f-fdbcb3a808ea","A relaxing, educational show; suitable for all ages who enjoy history and technology.","Not Available","wix:vector://v1/a99c0f_7bc3937071d94b818ec0bea270ba7aad.svg/MK.svg"
"The Hall of Presidents","Magic Kingdom","Liberty Square","[""Show""]","All Ages","Any Height",0,"https://disneyworld.disney.go.com/attractions/magic-kingdom/hall-of-presidents/",true,"2ebfb38c-5cb5-4de1-86c0-f7af14188022","28.419495, -81.582367",5,,"wix:image://v1/a99c0f_5a3ac3183c0e4e1f953d58e175927dfa~mv2.jpg/the-hall-of-presidents.jpg#originWidth=640&originHeight=335",2,"[""Yes""]","[""Yes""]",,,,false,,,,,,,,,"/attractionsnew/edit/the-hall-of-presidents","/attractionsnew-1/the-hall-of-presidents","/attractionsnew/","65c1f478-b205-4ea0-8c1b-bae1e5671357",2022-11-23T03:14:48Z,2024-12-17T03:10:13Z,"a99c0fb9-f2ba-4022-a06f-fdbcb3a808ea","A calm show about U.S. history; ideal for adults and older kids with an interest in history.","Not Available","wix:vector://v1/a99c0f_7bc3937071d94b818ec0bea270ba7aad.svg/MK.svg"
"Wildlife Express Train","Animal Kingdom","Africa","[""Slow Rides""]","All Ages","Any Height",0,"https://disneyworld.disney.go.com/attractions/animal-kingdom/wildlife-express-train/",false,"4f391f0e-52be-4f9d-99d6-b3ae0373b43c","28.352546, -81.603506",5,,"wix:image://v1/a99c0f_7b856402cd584fb2ba6632b08f28aa93~mv2.jpg/wildlife-express.jpg#originWidth=640&originHeight=336",2,"[""Yes""]","[""Yes""]",,,"7 minutes behind the scenes Animal Kingdom",false,,,,,,,,,"/attractionsnew/edit/wildlife-express-train","/attractionsnew-1/wildlife-express-train","/attractionsnew/","6a000ebe-6d17-4420-b4ff-db71093fd4ea",2022-11-23T03:14:48Z,2024-12-17T03:10:37Z,"a99c0fb9-f2ba-4022-a06f-fdbcb3a808ea","A gentle train ride; great for kids and animal lovers.","Not Available","wix:vector://v1/a99c0f_8fe685a9f19b4c999057e518ebb190d1.svg/AK.svg"
"Under the Sea ~ Journey of The Little Mermaid","Magic Kingdom","Frontierland","[""Slow Rides""]","All Ages","Any Height",0,"https://disneyworld.disney.go.com/attractions/magic-kingdom/under-the-sea-journey-of-the-little-mermaid/",true,"3cba0cb4-e2a6-402c-93ee-c11ffcb127ef","28.421033, -81.579971",5,,"wix:image://v1/a99c0f_bfa7cc711b614c92a9a18ef8a42a0f20~mv2.jpg/under-the-sea-journey-little-mermaid.jpg#originWidth=640&originHeight=442",3,"[""Yes""]","[""Yes""]",,,,true,,,,,,,,,"/attractionsnew/edit/under-the-sea-~-journey-of-the-little-mermaid","/attractionsnew-1/under-the-sea-~-journey-of-the-little-mermaid","/attractionsnew/","6b080656-4d1e-4d54-8df2-380049556f44",2022-11-23T03:14:48Z,2024-12-17T03:10:13Z,"a99c0fb9-f2ba-4022-a06f-fdbcb3a808ea","A slow-moving ride perfect for families with small children.","Multi Pass B","wix:vector://v1/a99c0f_7bc3937071d94b818ec0bea270ba7aad.svg/MK.svg"
"Big Thunder Mountain Railroad","Magic Kingdom","Frontierland","[""Thrill Ride"",""Small Drops""]","Kids","40""",0,"https://disneyworld.disney.go.com/attractions/magic-kingdom/big-thunder-mountain-railroad/",false,"de3309ca-97d5-4211-bffe-739fed47e92f","28.419984, -81.584635",5,,"wix:image://v1/a99c0f_c5d9df78cef048f3962e5ca75fd44708~mv2.jpg/big-thunder-mountain-railroad.jpg#originWidth=640&originHeight=427",4,"[""Yes""]","[""Maybe""]","[""Luca"",""Jenn"",""Nate""]","4",,false,,,,,,,,,"/attractionsnew/edit/big-thunder-mountain-railroad","/attractionsnew-1/big-thunder-mountain-railroad","/attractionsnew/","711e92fd-a35c-498a-b8ed-eeb4d0123189",2022-11-23T03:14:48Z,2024-12-17T03:10:13Z,"a99c0fb9-f2ba-4022-a06f-fdbcb3a808ea","A fast-paced mine train coaster; thrilling but suitable for older kids.","Multi Pass A","wix:vector://v1/a99c0f_7bc3937071d94b818ec0bea270ba7aad.svg/MK.svg"
"Tomorrowland Speedway","Magic Kingdom","Tomorrowland","[""Slow Rides""]","All Ages","32""",32,"https://disneyworld.disney.go.com/attractions/magic-kingdom/tomorrowland-speedway/",false,"f163ddcd-43e1-488d-8276-2381c1db0a39","28.419377, -81.579301",5,,"wix:image://v1/a99c0f_d34eaffda17145c78b980773e5dcd172~mv2.jpg/tomorrowland-speedway.jpg#originWidth=640&originHeight=427",2,"[""Yes""]","[""Yes""]",,,,true,,,,,,,,,"/attractionsnew/edit/tomorrowland-speedway","/attractionsnew-1/tomorrowland-speedway","/attractionsnew/","7197122c-b22f-4b60-9f62-a7c924a66eb9",2022-11-23T03:14:48Z,2024-12-17T03:10:13Z,"a99c0fb9-f2ba-4022-a06f-fdbcb3a808ea","Kids can drive mini cars; fun but noisy, and younger kids may need adult assistance.","Multi Pass B","wix:vector://v1/a99c0f_7bc3937071d94b818ec0bea270ba7aad.svg/MK.svg"
"Star Wars: Rise of the Resistance","Hollywood Studios","Star Wars: Galaxy’s Edge","[""Thrill Ride"",""Small Drops"",""Dark"",""Loud""]","Kids","40""",40,"https://disneyworld.disney.go.com/attractions/hollywood-studios/star-wars-rise-of-the-resistance/",true,"1a2e70d9-50d5-4140-b69e-799e950f7d18","28.354018, -81.560419",0,true,"wix:image://v1/a99c0f_0a5b956d038e4e769a05102bfd45f269~mv2.jpg/star-wars-rise-of-the-resistance.jpg#originWidth=640&originHeight=360",5,"[""Yes""]","[""Maybe""]",,,,true,,,,,,,,,"/attractionsnew/edit/star-wars%3A-rise-of-the-resistance","/attractionsnew-1/star-wars%3A-rise-of-the-resistance","/attractionsnew/","72136062-7651-4ee8-8cea-2fddc0d0238d",2022-11-23T03:14:48Z,2024-12-17T03:11:02Z,"a99c0fb9-f2ba-4022-a06f-fdbcb3a808ea","Immersive and thrilling; not suitable for very small kids or those averse to intense rides.","Single Pass","wix:vector://v1/a99c0f_3ca1fe18764b43ab9d5b46f3fd338dfa.svg/HS.svg"
"Discovery Island Trails","Animal Kingdom","Discovery Island","[""Walking Attraction""]","All Ages","Any Height",0,"https://disneyworld.disney.go.com/attractions/animal-kingdom/discovery-island-trails/",false,"4d27b0d7-2b0a-4569-90fa-e79f117ec7ef","28.357595, -81.591214",5,,"wix:image://v1/a99c0f_be028abfa4a24bc0adcbc444d9f37739~mv2.jpg/discovery-island-trails.jpg#originWidth=640&originHeight=427",1,"[""Yes""]","[""Yes""]",,,,false,,,,,,,,,"/attractionsnew/edit/discovery-island-trails","/attractionsnew-1/discovery-island-trails","/attractionsnew/","72d81e24-fd94-4625-b121-8318ceeb7fa0",2022-11-23T03:14:48Z,2024-12-17T03:10:37Z,"a99c0fb9-f2ba-4022-a06f-fdbcb3a808ea","Easy trails for all ages; perfect for animal and nature enthusiasts.","Not Available","wix:vector://v1/a99c0f_8fe685a9f19b4c999057e518ebb190d1.svg/AK.svg"
"The Seas with Nemo & Friends","EPCOT","World Nature","[""Slow Rides""]","All Ages","Any Height",0,"https://disneyworld.disney.go.com/attractions/epcot/seas-with-nemo-and-friends/",true,"fb076275-0570-4d62-b2a9-4d6515130fa3","28.375370, -81.550880",5,,"wix:image://v1/a99c0f_027d951e1e3d46db83faaf66fb4a4b1e~mv2.jpg/the-seas-with-nemo-and-friends.jpg#originWidth=640&originHeight=425",3,"[""Yes""]","[""Yes""]","[""Luca"",""Theo"",""Jenn"",""Nate""]","2",,false,,,,,,,,,"/attractionsnew/edit/the-seas-with-nemo-%26-friends","/attractionsnew-1/the-seas-with-nemo-%26-friends","/attractionsnew/","7b0ac2dd-dc3a-4c7f-a737-3d11d94bb886",2022-11-23T03:14:48Z,2024-12-17T03:11:29Z,"a99c0fb9-f2ba-4022-a06f-fdbcb3a808ea","A gentle, colorful ride for kids and adults who love marine life.","Multi Pass B","wix:vector://v1/a99c0f_456629fa38dd4e7095c8da523654a1e0.svg/EC.svg"
"Mission: SPACE","EPCOT","World Discovery","[""Thrill Ride"",""Spinning"",""Dark""]","Kids","40""",40,"https://disneyworld.disney.go.com/attractions/epcot/mission-space/",true,"5b6475ad-4e9a-4793-b841-501aa382c9c0","28.373943, -81.546943",5,,"wix:image://v1/a99c0f_3f2e5e01afc94be9958b7ae5452faa6a~mv2.jpg/mission-space.jpg#originWidth=640&originHeight=428",2,"[""Maybe""]","[""Maybe""]",,,"Green: boring
Orange: puke",false,,,,,,,,,"/attractionsnew/edit/mission%3A-space","/attractionsnew-1/mission%3A-space","/attractionsnew/","8002adcc-e31b-4e51-8050-422ac6ef3598",2022-11-23T03:14:48Z,2024-12-17T03:11:29Z,"a99c0fb9-f2ba-4022-a06f-fdbcb3a808ea","A thrilling space simulator; intense version not ideal for motion-sensitive or younger riders.","Multi Pass B","wix:vector://v1/a99c0f_456629fa38dd4e7095c8da523654a1e0.svg/EC.svg"
"The Twilight Zone Tower of Terror™","Hollywood Studios","Sunset Boulevard","[""Thrill Ride"",""Big Drops"",""Dark"",""Scary""]","Kids","40""",40,"https://disneyworld.disney.go.com/attractions/hollywood-studios/twilight-zone-tower-of-terror/",true,"6f6998e8-a629-412c-b964-2cb06af8e26b","28.359995, -81.559914",2,,"wix:image://v1/a99c0f_ab5cfdc3f6ec4a0883570599d3675a07~mv2.jpg/the-twilight-zone-tower-of-terror_edited.jpg#originWidth=470&originHeight=505",5,"[""Maybe""]","[""No""]","[""Nate""]",,,true,,,,,,,,,"/attractionsnew/edit/the-twilight-zone-tower-of-terror%E2%84%A2","/attractionsnew-1/the-twilight-zone-tower-of-terror%E2%84%A2","/attractionsnew/","87edb4cc-146c-41d4-9f1b-9dec6a7d7900",2022-11-23T03:14:48Z,2024-12-17T03:11:02Z,"a99c0fb9-f2ba-4022-a06f-fdbcb3a808ea","A dark, intense drop ride; thrilling but too scary for small children.","Multi Pass A","wix:vector://v1/a99c0f_3ca1fe18764b43ab9d5b46f3fd338dfa.svg/HS.svg"
"Remy's Ratatouille Adventure","EPCOT","World Showcase","[""4D"",""Thrill Ride""]","All Ages","Any Height",0,"https://disneyworld.disney.go.com/attractions/epcot/remys-ratatouille-adventure/",true,"1e735ffb-4868-47f1-b2cd-2ac1156cd5f0","28.368031, -81.553058",1,,"wix:image://v1/a99c0f_ce807b4bfdad4ec7b1c3e91957eb6aa6~mv2.jpg/remy-ratatouille-adventure.jpg#originWidth=640&originHeight=427",5,"[""Yes""]","[""Yes""]",,,,true,,,,,,,,,"/attractionsnew/edit/remy's-ratatouille-adventure","/attractionsnew-1/remy's-ratatouille-adventure","/attractionsnew/","8fea43bf-bb66-40ae-a33b-c6659df1df85",2022-11-23T03:14:48Z,2024-12-17T03:11:29Z,"a99c0fb9-f2ba-4022-a06f-fdbcb3a808ea","A 4D family ride; fun for all ages and gentle enough for young kids.","Multi Pass A","wix:vector://v1/a99c0f_456629fa38dd4e7095c8da523654a1e0.svg/EC.svg"
"DINOSAUR","Animal Kingdom","DinoLand USA","[""Thrill Ride"",""Small Drops"",""Dark"",""Scary""]","Kids","40""",40,"https://disneyworld.disney.go.com/attractions/animal-kingdom/dinosaur/",true,"55c531b6-3ce2-4c47-a8a1-0dc9107d825b","28.354669, -81.588110",4,,"wix:image://v1/a99c0f_a86e694c2bd84fd7a194b196d09f12c1~mv2.jpg/dinosaur.jpg#originWidth=640&originHeight=447",4,"[""Maybe""]","[""No""]",,,,true,,,,,,,,,"/attractionsnew/edit/dinosaur","/attractionsnew-1/dinosaur","/attractionsnew/","907eb01a-cb4f-437e-ab61-5733f655f2d4",2022-11-23T03:14:48Z,2024-12-17T03:10:37Z,"a99c0fb9-f2ba-4022-a06f-fdbcb3a808ea","A dark, thrilling ride; too intense for small kids or those sensitive to loud noises.","Multi Pass B","wix:vector://v1/a99c0f_8fe685a9f19b4c999057e518ebb190d1.svg/AK.svg"
"Swiss Family Treehouse","Magic Kingdom","Adventureland","[""Walking Attraction""]","All Ages","Any Height",0,"https://disneyworld.disney.go.com/attractions/magic-kingdom/swiss-family-treehouse/",false,"30fe3c64-af71-4c66-a54b-aa61fd7af177","28.418260, -81.583037",5,,"wix:image://v1/a99c0f_b52d23c5ab42477c896038f3e1979f1b~mv2.jpg/swiss-family-treehouse.jpg#originWidth=640&originHeight=480",2,"[""Yes""]","[""Yes""]",,,,false,,,,,,,,,"/attractionsnew/edit/swiss-family-treehouse","/attractionsnew-1/swiss-family-treehouse","/attractionsnew/","9a80545e-c3ed-420c-aa9b-f5d32d9d3bc0",2022-11-23T03:14:48Z,2024-12-17T03:10:13Z,"a99c0fb9-f2ba-4022-a06f-fdbcb3a808ea","A fun climb through a themed treehouse; great for active kids and adults.","Not Available","wix:vector://v1/a99c0f_7bc3937071d94b818ec0bea270ba7aad.svg/MK.svg"
"Affection Section","Animal Kingdom","Rafiki’s Planet Watch","[""Walking Attraction""]","All Ages","Any Height",0,"https://disneyworld.disney.go.com/attractions/animal-kingdom/affection-section/",false,"a15ce7cf-342a-4c7a-9372-7a1fa1054747","28.358753, -81.589631",5,,"wix:image://v1/a99c0f_97bef6bf45c6478e94e9236430754d7a~mv2.jpg/affection-section.jpg#originWidth=640&originHeight=480",2,"[""Yes""]","[""Yes""]",,,,false,,,,,,,,,"/attractionsnew/edit/affection-section","/attractionsnew-1/affection-section","/attractionsnew/","9dcc740c-c8b4-482f-a757-a511ed74b3a5",2022-11-23T03:14:48Z,2024-12-17T03:10:37Z,"a99c0fb9-f2ba-4022-a06f-fdbcb3a808ea","A hands-on petting zoo; perfect for young children and animal lovers.","Not Available","wix:vector://v1/a99c0f_8fe685a9f19b4c999057e518ebb190d1.svg/AK.svg"
"Space Mountain","Magic Kingdom","Tomorrowland","[""Thrill Ride"",""Big Drops"",""Dark""]","Kids","44""",44,"https://disneyworld.disney.go.com/attractions/magic-kingdom/space-mountain/",true,"b2260923-9315-40fd-9c6b-44dd811dbe64","28.418829, -81.578062",5,,"wix:image://v1/a99c0f_afe846960c6e49e5a025fdfd12350f2a~mv2.jpg/space-mountain.jpg#originWidth=640&originHeight=480",4,"[""No""]","[""No""]","[""Luca"",""Jenn"",""Nate""]","4",,true,,,,,,,,,"/attractionsnew/edit/space-mountain","/attractionsnew-1/space-mountain","/attractionsnew/","9f4eda61-b862-4b60-9b39-cb1239d740df",2022-11-23T03:14:48Z,2024-12-17T03:10:13Z,"a99c0fb9-f2ba-4022-a06f-fdbcb3a808ea","A dark, fast-paced coaster; thrilling but not suitable for small kids or timid riders.","Multi Pass A","wix:vector://v1/a99c0f_7bc3937071d94b818ec0bea270ba7aad.svg/MK.svg"
"The Magic Carpets of Aladdin","Magic Kingdom","Adventureland","[""Slow Rides"",""Spinning""]","All Ages","Any Height",0,"https://disneyworld.disney.go.com/attractions/magic-kingdom/magic-carpets-of-aladdin/",false,"96455de6-f4f1-403c-9391-bf8396979149","28.418430, -81.583440",5,,"wix:image://v1/a99c0f_2a6ff55c816546178aec67624625eefd~mv2.jpg/the-magic-carpets-of-aladdin.jpg#originWidth=640&originHeight=360",1,"[""Yes""]","[""Yes""]",,,"Terrible carnival ride. ",false,,,,,,,,,"/attractionsnew/edit/the-magic-carpets-of-aladdin","/attractionsnew-1/the-magic-carpets-of-aladdin","/attractionsnew/","a0d218a2-81e6-40c1-87ab-a9cf68538938",2022-11-23T03:14:48Z,2024-12-17T03:10:13Z,"a99c0fb9-f2ba-4022-a06f-fdbcb3a808ea","A gentle spinner ride perfect for younger kids and families.","Multi Pass B","wix:vector://v1/a99c0f_7bc3937071d94b818ec0bea270ba7aad.svg/MK.svg"
"Disney & Pixar Short Film Festival","EPCOT","World Celebration","[""Dark"",""Show"",""4D""]","All Ages","Any Height",0,"https://disneyworld.disney.go.com/attractions/epcot/disney-pixar-short-film-festival/",true,"5ed719b-f7f0-488f-8346-4fbf8055d373","28.372374, -81.550857",5,,"wix:image://v1/a99c0f_db2701d9a16d465eb5c4eb4a8ebc1675~mv2.jpg/disney-and-pixar-short-film-festival.jpg#originWidth=640&originHeight=427",1,"[""Yes""]","[""Yes""]",,,,false,,,,,,,,,"/attractionsnew/edit/disney-%26-pixar-short-film-festival","/attractionsnew-1/disney-%26-pixar-short-film-festival","/attractionsnew/","a71a5c53-38c8-4130-ae27-18cdceaf7339",2022-11-23T03:14:48Z,2024-12-17T03:11:29Z,"a99c0fb9-f2ba-4022-a06f-fdbcb3a808ea","Heartwarming short films; great for all ages and a nice break from walking.","Multi Pass B","wix:vector://v1/a99c0f_456629fa38dd4e7095c8da523654a1e0.svg/EC.svg"
"Gran Fiesta Tour Starring The Three Caballeros","EPCOT","World Showcase","[""Slow Rides""]","All Ages","Any Height",0,"https://disneyworld.disney.go.com/attractions/epcot/gran-fiesta-tour-starring-three-caballeros/",true,"22f48b73-01df-460e-8969-9eb2b4ae836c","28.371763, -81.547209",5,,"wix:image://v1/a99c0f_952232f131d44ec1a2baf083b603d9ad~mv2.jpg/grand-fiesta-tour.jpg#originWidth=640&originHeight=419",4,"[""Yes""]","[""Yes""]",,,,true,,,,,,,,,"/attractionsnew/edit/gran-fiesta-tour-starring-the-three-caballeros","/attractionsnew-1/gran-fiesta-tour-starring-the-three-caballeros","/attractionsnew/","a7b36232-227c-4e2a-8e00-982d97698719",2022-11-23T03:14:48Z,2024-12-17T03:11:29Z,"a99c0fb9-f2ba-4022-a06f-fdbcb3a808ea","A relaxing boat ride; family-friendly and colorful, perfect for younger kids.","Not Available","wix:vector://v1/a99c0f_456629fa38dd4e7095c8da523654a1e0.svg/EC.svg"
"Living with the Land","EPCOT","World Nature","[""Slow Rides""]","All Ages","Any Height",0,"https://disneyworld.disney.go.com/attractions/epcot/living-with-the-land/",true,"8f353879-d6ac-4211-9352-4029efb47c18","28.374178, -81.552574",5,,"wix:image://v1/a99c0f_c5c1066df4fa417c97341c70835fe360~mv2.jpg/living-with-the-land.jpg#originWidth=640&originHeight=425",3,"[""Yes""]","[""Yes""]","[""Luca"",""Nate""]","3","Good to pass time",false,,,,,,,,,"/attractionsnew/edit/living-with-the-land","/attractionsnew-1/living-with-the-land","/attractionsnew/","aca12467-e642-49b7-8012-a19e5ddf1d45",2022-11-23T03:14:48Z,2024-12-17T03:11:29Z,"a99c0fb9-f2ba-4022-a06f-fdbcb3a808ea","A calm, educational boat ride; great for all ages who enjoy nature and sustainability.","Multi Pass B","wix:vector://v1/a99c0f_456629fa38dd4e7095c8da523654a1e0.svg/EC.svg"
"Journey Into Imagination with Figment","EPCOT","World Celebration","[""Slow Rides"",""Dark""]","All Ages","Any Height",0,"https://disneyworld.disney.go.com/attractions/epcot/journey-into-imagination-with-figment/",true,"75449e85-c410-4cef-a368-9d2ea5d52b58","28.375183, -81.549403",5,,"wix:image://v1/a99c0f_e0b9c4e7cb7f4b2d96a37b712af33f38~mv2.jpg/journey-into-imagination-figment.jpg#originWidth=640&originHeight=480",2,"[""Yes""]","[""Yes""]","[""Nate"",""Theo""]","3","Kind of boring. Fun play area at the end.",false,,,,,,,,,"/attractionsnew/edit/journey-into-imagination-with-figment","/attractionsnew-1/journey-into-imagination-with-figment","/attractionsnew/","b18374ba-538e-49a8-ad0d-445d4ff48b2e",2022-11-23T03:14:48Z,2024-12-17T03:11:29Z,"a99c0fb9-f2ba-4022-a06f-fdbcb3a808ea","Whimsical and fun; great for younger children and imaginative adults.","Multi Pass B","wix:vector://v1/a99c0f_456629fa38dd4e7095c8da523654a1e0.svg/EC.svg"
"Pirates of the Caribbean","Magic Kingdom","Adventureland","[""Slow Rides"",""Small Drops"",""Dark""]","All Ages","Any Height",0,"https://disneyworld.disney.go.com/attractions/magic-kingdom/pirates-of-the-caribbean/",true,"352feb94-e52e-45eb-9c92-e4b44c6b1a9d","28.418046, -81.584220",4,,"wix:image://v1/a99c0f_8a14c28093c94886b695855c9460ab99~mv2.jpg/pirates-of-the-caribbean.jpg#originWidth=640&originHeight=360",4,"[""Yes""]","[""Yes""]",,,,true,,,,,,,,,"/attractionsnew/edit/pirates-of-the-caribbean","/attractionsnew-1/pirates-of-the-caribbean","/attractionsnew/","b31d5f32-e952-4c8a-a612-bbd3797a4a91",2022-11-23T03:14:48Z,2024-12-17T03:10:13Z,"a99c0fb9-f2ba-4022-a06f-fdbcb3a808ea","A swashbuckling boat ride; suitable for most kids but may have mildly scary moments.","Multi Pass A","wix:vector://v1/a99c0f_7bc3937071d94b818ec0bea270ba7aad.svg/MK.svg"
"Mad Tea Party","Magic Kingdom","Fantasyland","[""Spinning""]","All Ages","Any Height",0,"https://disneyworld.disney.go.com/attractions/magic-kingdom/mad-tea-party/",true,"0aae716c-af13-4439-b638-d75fb1649df3","28.419916, -81.579716",5,,"wix:image://v1/a99c0f_f7745f345e2a41ebb2db495ff64d2e8b~mv2.jpg/mad-tea-party.jpg#originWidth=640&originHeight=480",3,"[""Yes""]","[""Yes""]","[""Luca"",""Nate""]","3",,false,,,,,,,,,"/attractionsnew/edit/mad-tea-party","/attractionsnew-1/mad-tea-party","/attractionsnew/","b3e96cd4-d115-4fb1-9a9c-4e4ef0ffe4a5",2022-11-23T03:14:48Z,2024-12-17T03:10:13Z,"a99c0fb9-f2ba-4022-a06f-fdbcb3a808ea","A spinning teacup ride; fun for most kids but may be dizzying for sensitive riders.","Multi Pass B","wix:vector://v1/a99c0f_7bc3937071d94b818ec0bea270ba7aad.svg/MK.svg"
"The Barnstormer","Magic Kingdom","Fantasyland","[""Small Drops""]","Preschoolers","35""",35,"https://disneyworld.disney.go.com/attractions/magic-kingdom/barnstormer-starring-great-goofini/",false,"924a3b2c-6b4b-49e5-99d3-e9dc3f2e8a48","28.420655, -81.578346",5,,"wix:image://v1/a99c0f_54f777046b484474b510d5cb3a8a4a08~mv2.jpg/the-barnstormer.jpg#originWidth=640&originHeight=360",4,"[""Yes""]","[""Yes""]",,,,true,,,,,,,,,"/attractionsnew/edit/the-barnstormer","/attractionsnew-1/the-barnstormer","/attractionsnew/","b4cfacfb-b15c-422e-b8a1-792a51bd5cbd",2022-11-23T03:14:48Z,2024-12-17T03:10:13Z,"a99c0fb9-f2ba-4022-a06f-fdbcb3a808ea","A mild coaster perfect for younger kids new to thrill rides.","Multi Pass B","wix:vector://v1/a99c0f_7bc3937071d94b818ec0bea270ba7aad.svg/MK.svg"
"Muppet*Vision 3D","Hollywood Studios","Grand Avenue","[""3D Show""]","All Ages","Any Height",0,"https://disneyworld.disney.go.com/attractions/hollywood-studios/muppet-vision-3d/",true,"76dfa347-94bb-4552-b183-a08490c54acc","28.354766, -81.559584",5,,"wix:image://v1/a99c0f_dda8eabfc6fa45da88ac7ba1bf02c97d~mv2.jpg/muppet-vision-3d.jpg#originWidth=640&originHeight=360",2,"[""Yes""]","[""Yes""]","[""Nate""]",,,false,,,,,,,,,"/attractionsnew/edit/muppet*vision-3d","/attractionsnew-1/muppet*vision-3d","/attractionsnew/","c07915cf-329f-4b13-9b63-c6347a06350b",2022-11-23T03:14:48Z,2024-12-17T03:11:02Z,"a99c0fb9-f2ba-4022-a06f-fdbcb3a808ea","A humorous 3D show; fun for all ages, especially Muppet fans.","Multi Pass B","wix:vector://v1/a99c0f_3ca1fe18764b43ab9d5b46f3fd338dfa.svg/HS.svg"
"Expedition Everest – Legend of the Forbidden Mountain","Animal Kingdom","Asia","[""Thrill Ride"",""Big Drops"",""Dark""]","Kids","44""",44,"https://disneyworld.disney.go.com/attractions/animal-kingdom/expedition-everest/",false,"64a6915f-a835-4226-ba5c-8389fc4cade3","28.358677, -81.587187",2,,"wix:image://v1/a99c0f_2175b6e6a33f4450b8d8a077b9a85186~mv2.jpg/expedition-everest.jpg#originWidth=640&originHeight=427",4,"[""No""]","[""No""]","[""Nate""]",,,true,,,,,,,,,"/attractionsnew/edit/expedition-everest-%E2%80%93-legend-of-the-forbidden-mountain","/attractionsnew-1/expedition-everest-%E2%80%93-legend-of-the-forbidden-mountain","/attractionsnew/","c6629aa3-8b3e-4e1a-8a25-298e8305bb17",2022-11-23T03:14:48Z,2024-12-17T03:10:37Z,"a99c0fb9-f2ba-4022-a06f-fdbcb3a808ea","A thrilling coaster; too intense for small kids or timid riders.","Multi Pass A","wix:vector://v1/a99c0f_8fe685a9f19b4c999057e518ebb190d1.svg/AK.svg"
"Mickey & Minnie’s Runaway Railway","Hollywood Studios","Hollywood Boulevard","[""Slow Rides""]","Preschoolers","Any Height",0,"https://disneyworld.disney.go.com/attractions/hollywood-studios/mickey-minnies-runaway-railway/",true,"6e118e37-5002-408d-9d88-0b5d9cdb5d14","28.356624, -81.560645",1,,"wix:image://v1/a99c0f_66b331126319444b9d259c84f5afba6b~mv2.jpg/mickey-and-minnies-runaway-railway.jpg#originWidth=640&originHeight=361",5,"[""Yes""]","[""Yes""]",,,,true,,,,,,,,,"/attractionsnew/edit/mickey-%26-minnie%E2%80%99s-runaway-railway","/attractionsnew-1/mickey-%26-minnie%E2%80%99s-runaway-railway","/attractionsnew/","c720100f-cac2-42f8-ba77-58ffd2743835",2022-11-23T03:14:48Z,2024-12-17T03:11:02Z,"a99c0fb9-f2ba-4022-a06f-fdbcb3a808ea","A whimsical, family-friendly ride with cartoon surprises; great for all ages.","Multi Pass A","wix:vector://v1/a99c0f_3ca1fe18764b43ab9d5b46f3fd338dfa.svg/HS.svg"
"Test Track","EPCOT","World Discovery","[""Thrill Ride"",""Small Drops""]","Kids","40""",40,"https://disneyworld.disney.go.com/attractions/epcot/test-track/",false,"37ae57c5-feaf-4e47-8f27-4b385be200f0","28.372956, -81.547329",2,,"wix:image://v1/a99c0f_93a87959c7f045698dc504038ca60b02~mv2.jpg/test-track.jpg#originWidth=640&originHeight=426",4,"[""Yes""]","[""Yes""]",,,,true,,,,,,,,,"/attractionsnew/edit/test-track","/attractionsnew-1/test-track","/attractionsnew/","cc7b4970-4772-4448-bd1e-7c58ffec9853",2022-11-23T03:14:48Z,2024-12-17T03:11:29Z,"a99c0fb9-f2ba-4022-a06f-fdbcb3a808ea","High-speed thrills; best for older kids and adults who enjoy excitement.","Multi Pass A","wix:vector://v1/a99c0f_456629fa38dd4e7095c8da523654a1e0.svg/EC.svg"
"Dumbo the Flying Elephant","Magic Kingdom","Fantasyland","[""Slow Rides"",""Spinning""]","All Ages","Any Height",0,"https://disneyworld.disney.go.com/attractions/magic-kingdom/dumbo-the-flying-elephant/",false,"890fa430-89c0-4a3f-96c9-11597888005e","28.420410, -81.579081",5,,"wix:image://v1/a99c0f_87fa02ca1318436dadae3ad337516edc~mv2.jpg/dumbo.jpg#originWidth=640&originHeight=427",2,"[""Yes""]","[""Yes""]",,,,false,,,,,,,,,"/attractionsnew/edit/dumbo-the-flying-elephant","/attractionsnew-1/dumbo-the-flying-elephant","/attractionsnew/","cf462e27-f8fd-42c3-ba35-441745eb11e8",2022-11-23T03:14:48Z,2024-12-17T03:10:13Z,"a99c0fb9-f2ba-4022-a06f-fdbcb3a808ea","A classic spinner ride; gentle and great for families with small children.","Multi Pass B","wix:vector://v1/a99c0f_7bc3937071d94b818ec0bea270ba7aad.svg/MK.svg"
"Tomorrowland Transit Authority Peoplemover","Magic Kingdom","Tomorrowland","[""Slow Rides""]","All Ages","Any Height",0,"https://disneyworld.disney.go.com/attractions/magic-kingdom/tomorrowland-transit-authority-peoplemover/",false,"ffcfeaa2-1416-4920-a1ed-543c1a1695c4","28.418316, -81.579087",5,,"wix:image://v1/a99c0f_5cac9d07f1264e6cbc80e51bbb66285b~mv2.jpg/tomorrowland-transit-authority-people-mover.jpg#originWidth=640&originHeight=336",3,"[""Yes""]","[""Yes""]",,,,false,,,,,,,,,"/attractionsnew/edit/tomorrowland-transit-authority-peoplemover","/attractionsnew-1/tomorrowland-transit-authority-peoplemover","/attractionsnew/","d00d3cf8-90eb-4c33-a348-4bc0d90646b1",2022-11-23T03:14:48Z,2024-12-17T03:10:13Z,"a99c0fb9-f2ba-4022-a06f-fdbcb3a808ea","A slow-moving tour ride; relaxing and suitable for all ages.","Not Available","wix:vector://v1/a99c0f_7bc3937071d94b818ec0bea270ba7aad.svg/MK.svg"
"Na’vi River Journey","Animal Kingdom","Pandora","[""Slow Rides""]","All Ages","Any Height",0,"https://disneyworld.disney.go.com/attractions/animal-kingdom/navi-river-journey/",true,"7a5af3b7-9bc1-4962-92d0-3ea9c9ce35f0","28.354754, -81.592219",2,,"wix:image://v1/a99c0f_7646dcd22ba644b4b0e2f9e2462543ee~mv2.png/navi.png#originWidth=1680&originHeight=945",4,"[""Yes""]","[""Yes""]","[""Luca"",""Theo"",""Jenn"",""Nate""]","4",,true,,,,"[""f0f1932d-d88d-4b98-899e-64421e126603""]",,,,,"/attractionsnew/edit/na%E2%80%99vi-river-journey","/attractionsnew-1/na%E2%80%99vi-river-journey","/attractionsnew/","d0332145-74d1-440c-9646-b14f2f9ee203",2022-11-23T03:14:49Z,2024-12-17T03:10:33Z,"a99c0fb9-f2ba-4022-a06f-fdbcb3a808ea","Gentle boat ride perfect for all ages, showcasing Pandora’s glowing rainforest.","Multi Pass A","wix:vector://v1/a99c0f_8fe685a9f19b4c999057e518ebb190d1.svg/AK.svg"
"Kali River Rapids","Animal Kingdom","Asia","[""Thrill Ride"",""Water Ride"",""Small Drops"",""Spinning""]","Kids","32""",32,"https://disneyworld.disney.go.com/attractions/animal-kingdom/kali-river-rapids/",false,"d58d9262-ec95-4161-80a0-07ca43b2f5f3","28.359248, -81.588185",1,,"wix:image://v1/a99c0f_3d362749f7b9406aad2cca6ee2508532~mv2.png/kali.png#originWidth=1200&originHeight=675",5,"[""Yes""]","[""Yes""]",,,,true,,,,,"[""f0f1932d-d88d-4b98-899e-64421e126603""]",,,,"/attractionsnew/edit/kali-river-rapids","/attractionsnew-1/kali-river-rapids","/attractionsnew/","d7ee0e76-ac79-4a51-a965-f85afeb22f25",2022-11-23T03:14:49Z,2024-12-17T03:10:37Z,"a99c0fb9-f2ba-4022-a06f-fdbcb3a808ea","Fun for adventurous kids; expect to get soaked and enjoy mild thrills.","Multi Pass B","wix:vector://v1/a99c0f_8fe685a9f19b4c999057e518ebb190d1.svg/AK.svg"
"Frozen Ever After","EPCOT","World Showcase","[""Slow Rides"",""Small Drops"",""Dark""]","All Ages","Any Height",0,"https://disneyworld.disney.go.com/attractions/epcot/frozen-ever-after/",true,"8d7ccdb1-a22b-4e26-8dc8-65b1938ed5f0","28.375183, -81.549403",5,,"wix:image://v1/a99c0f_6bb9dddfc2044ba7aa7cae2b3effda03~mv2.png/frozen.png#originWidth=1280&originHeight=721",3,"[""Yes""]","[""Yes""]","[""Luca"",""Nate""]","3",,false,,,,,,"[""f0f1932d-d88d-4b98-899e-64421e126603""]",,,"/attractionsnew/edit/frozen-ever-after","/attractionsnew-1/frozen-ever-after","/attractionsnew/","d893a8c7-3990-4d0b-ab44-2d0b8acf8260",2022-11-23T03:14:49Z,2024-12-17T03:11:25Z,"a99c0fb9-f2ba-4022-a06f-fdbcb3a808ea","A family-friendly boat ride with Frozen characters; ideal for younger children.","Multi Pass A","wix:vector://v1/a99c0f_456629fa38dd4e7095c8da523654a1e0.svg/EC.svg"
"Gorilla Falls Exploration Trail","Animal Kingdom","Africa","[""Walking Attraction""]","All Ages","Any Height",0,"https://disneyworld.disney.go.com/attractions/animal-kingdom/gorilla-falls-forest-exploration-trail/",false,"e7976e25-4322-4587-8ded-fb1d9dcbb83c","28.360170, -81.592092",5,,"wix:image://v1/a99c0f_5f27220cf9a14d6d92f4033cdac5fc5a~mv2.png/gorilla-falls.png#originWidth=300&originHeight=168",2,"[""Yes""]","[""Yes""]",,,,false,,,,,,,"[""f0f1932d-d88d-4b98-899e-64421e126603""]",,"/attractionsnew/edit/gorilla-falls-exploration-trail","/attractionsnew-1/gorilla-falls-exploration-trail","/attractionsnew/","d9096fdd-64b3-49e1-9939-1427fbb8c8c2",2022-11-23T03:14:49Z,2024-12-17T03:10:37Z,"a99c0fb9-f2ba-4022-a06f-fdbcb3a808ea","A relaxing walk with animal encounters; great for kids and adults alike.","Not Available","wix:vector://v1/a99c0f_8fe685a9f19b4c999057e518ebb190d1.svg/AK.svg"
"“it’s a small world""","Magic Kingdom","Fantasyland","[""Slow Rides""]","All Ages","Any Height",0,"https://disneyworld.disney.go.com/attractions/magic-kingdom/its-a-small-world/",true,"f5aad2d4-a419-4384-bd9a-42f86385c750","28.420499, -81.581906",5,,"wix:image://v1/a99c0f_357ddfac444f44aab5ba374928974036~mv2.jpg/its-a-small-world.jpg#originWidth=640&originHeight=427",3,"[""Yes""]","[""Yes""]","[""Luca"",""Theo"",""Jenn"",""Nate""]","3","Nostalgia ",false,,,,,,,,"[""f0f1932d-d88d-4b98-899e-64421e126603""]","/attractionsnew/edit/%E2%80%9Cit%E2%80%99s-a-small-world%22","/attractionsnew-1/%E2%80%9Cit%E2%80%99s-a-small-world%22","/attractionsnew/","dc4d5ba1-9391-4e84-ac28-749802823b8d",2022-11-23T03:14:49Z,2024-12-17T03:10:13Z,"a99c0fb9-f2ba-4022-a06f-fdbcb3a808ea","A gentle, classic boat ride for all ages, with whimsical animatronics and a catchy tune.","Multi Pass B","wix:vector://v1/a99c0f_7bc3937071d94b818ec0bea270ba7aad.svg/MK.svg"
"Millennium Falcon: Smugglers Run","Hollywood Studios","Star Wars: Galaxy’s Edge","[""Thrill Ride"",""Small Drops"",""Dark"",""Loud""]","Kids","38""",38,"https://disneyworld.disney.go.com/attractions/hollywood-studios/millennium-falcon-smugglers-run/",true,"34c4916b-989b-4ff1-a7e3-a6a846a3484f","28.353757, -81.561638",5,,"wix:image://v1/a99c0f_15cd0bb387164deca8874935d068edd8~mv2.jpg/millenium-falcon-smugglers-run.jpg#originWidth=640&originHeight=326",4,"[""Maybe""]","[""Maybe""]",,,,true,,,,,,,"[""f0f1932d-d88d-4b98-899e-64421e126603""]",,"/attractionsnew/edit/millennium-falcon%3A-smugglers-run","/attractionsnew-1/millennium-falcon%3A-smugglers-run","/attractionsnew/","e20111ba-167d-493b-a0cc-163705a555ee",2022-11-23T03:14:49Z,2024-12-17T03:10:58Z,"a99c0fb9-f2ba-4022-a06f-fdbcb3a808ea","A must for Star Wars fans; interactive but can be a bit intense for younger kids.","Multi Pass A","wix:vector://v1/a99c0f_3ca1fe18764b43ab9d5b46f3fd338dfa.svg/HS.svg"
"Rock ‘n’ Roller Coaster Starring Aerosmith","Hollywood Studios","Sunset Boulevard","[""Thrill Ride"",""Big Drops"",""Loud""]","Kids","48""",48,"https://disneyworld.disney.go.com/attractions/hollywood-studios/rock-and-roller-coaster-starring-aerosmith/",true,"e516f303-e82d-4fd3-8fbf-8e6ab624cf89","28.359526, -81.560860",4,,"wix:image://v1/a99c0f_915788238d6d4be881e5772f73eae734~mv2.jpg/rock-n-roller-coaster.jpg#originWidth=640&originHeight=426",4,"[""Maybe""]","[""No""]",,,,true,,,,,,"[""f0f1932d-d88d-4b98-899e-64421e126603""]",,,"/attractionsnew/edit/rock-%E2%80%98n%E2%80%99-roller-coaster-starring-aerosmith","/attractionsnew-1/rock-%E2%80%98n%E2%80%99-roller-coaster-starring-aerosmith","/attractionsnew/","e48546a6-234f-45e0-9ed6-b931c9815362",2022-11-23T03:14:49Z,2024-12-17T03:11:02Z,"a99c0fb9-f2ba-4022-a06f-fdbcb3a808ea","A dark, high-speed coaster; thrilling but not suitable for small children.","Multi Pass A","wix:vector://v1/a99c0f_3ca1fe18764b43ab9d5b46f3fd338dfa.svg/HS.svg"
"It’s Tough to be a Bug! ","Animal Kingdom","Discovery Island","[""Dark"",""Scary"",""Loud"",""3D Show""]","All Ages","Any Height",0,"https://disneyworld.disney.go.com/attractions/animal-kingdom/its-tough-to-be-a-bug/",true,"ba44245e-5562-4359-be27-9dfb2d96cb2d","28.352550, -81.603447",5,,"wix:image://v1/a99c0f_470d877007e94c1e9e579f5d9b3d7be3~mv2.jpg/its-tough-to-be-a-bug.jpg#originWidth=640&originHeight=360",2,"[""Yes""]","[""Yes""]",,,,false,,,,,"[""f0f1932d-d88d-4b98-899e-64421e126603""]",,,,"/attractionsnew/edit/it%E2%80%99s-tough-to-be-a-bug!-","/attractionsnew-1/it%E2%80%99s-tough-to-be-a-bug!-","/attractionsnew/","e5a5bd49-dd60-4735-961b-c0375a762280",2022-11-23T03:14:49Z,2024-12-17T03:10:37Z,"a99c0fb9-f2ba-4022-a06f-fdbcb3a808ea","Fun 3D show for most, but may frighten young kids with loud noises and creepy-crawlies.","Not Available","wix:vector://v1/a99c0f_8fe685a9f19b4c999057e518ebb190d1.svg/AK.svg"
"Jungle Cruise","Magic Kingdom","Adventureland","[""Slow Rides""]","All Ages","Any Height",0,"https://disneyworld.disney.go.com/attractions/magic-kingdom/jungle-cruise/",false,"796b0a25-c51e-456e-9bb8-50a324e301b3","28.417952, -81.583550",1,,"wix:image://v1/a99c0f_ec33d75936e74e6f911b02999be24f34~mv2.jpg/jungle-cruise.jpg#originWidth=640&originHeight=427",4,"[""Yes""]","[""Yes""]",,,,true,,,,"[""f0f1932d-d88d-4b98-899e-64421e126603""]",,,,,"/attractionsnew/edit/jungle-cruise","/attractionsnew-1/jungle-cruise","/attractionsnew/","e7684e3e-ebcb-4b77-8d10-6549c3694244",2022-11-23T03:14:49Z,2024-12-17T03:10:13Z,"a99c0fb9-f2ba-4022-a06f-fdbcb3a808ea","A humorous boat ride; mild and suitable for all ages.","Multi Pass A","wix:vector://v1/a99c0f_7bc3937071d94b818ec0bea270ba7aad.svg/MK.svg"
"Astro Orbiter","Magic Kingdom","Tomorrowland","[""Slow Rides"",""Spinning""]","All Ages","Any Height",0,"https://disneyworld.disney.go.com/attractions/magic-kingdom/astro-orbiter/",false,"d9d12438-d999-4482-894b-8955fdb20ccf","28.418438, -81.579194",5,,"wix:image://v1/a99c0f_afbbea47dc524c329cae66ab5b9753c0~mv2.jpg/astro-orbiter.jpg#originWidth=640&originHeight=427",2,"[""Yes""]","[""Yes""]",,,,false,,,,,,,,,"/attractionsnew/edit/astro-orbiter","/attractionsnew-1/astro-orbiter","/attractionsnew/","f0c5ec33-cc23-46ec-84ba-9f29c68b1d03",2022-11-23T03:14:49Z,2024-12-17T03:10:13Z,"a99c0fb9-f2ba-4022-a06f-fdbcb3a808ea","Fun for kids and adults; higher spinning rockets may feel intense for the smallest riders.","Not Available","wix:vector://v1/a99c0f_7bc3937071d94b818ec0bea270ba7aad.svg/MK.svg"
"Alien Swirling Saucers","Hollywood Studios","Toy Story Land","[""Spinning""]","All Ages","Any Height",0,"https://disneyworld.disney.go.com/attractions/hollywood-studios/alien-swirling-saucers/",true,"d56506e2-6ad3-443a-8065-fea37987248d","28.355397, -81.562486",5,,"wix:image://v1/a99c0f_dc5fb677b36043e4baa3fc11bd9880a3~mv2.jpg/alien-swirling-saucers.jpg#originWidth=640&originHeight=427",3,"[""Yes""]","[""Yes""]",,,,false,,,,,,,,,"/attractionsnew/edit/alien-swirling-saucers","/attractionsnew-1/alien-swirling-saucers","/attractionsnew/","f7e68715-897f-4463-a57f-ae031e2555d8",2022-11-23T03:14:49Z,2024-12-17T03:11:02Z,"a99c0fb9-f2ba-4022-a06f-fdbcb3a808ea","Whirling fun for younger kids; gentle thrills with playful alien theming.","Multi Pass B","wix:vector://v1/a99c0f_3ca1fe18764b43ab9d5b46f3fd338dfa.svg/HS.svg"
"Lightning McQueen’s Racing Academy","Hollywood Studios","Sunset Boulevard","[""Show""]","All Ages","Any Height",0,"https://disneyworld.disney.go.com/attractions/hollywood-studios/lightning-mcqueens-racing-academy/",true,"5262e79e-8553-4ec0-a832-3177d377136d","28.360041, -81.561095",5,,"wix:image://v1/a99c0f_0a62bb3de55442e69cd19f3c9ddf3758~mv2.jpg/lightning-mcqueens-racing-academy.jpg#originWidth=640&originHeight=427",2,"[""Yes""]","[""Yes""]",,,,true,,,,,,,,,"/attractionsnew/edit/lightning-mcqueen%E2%80%99s-racing-academy","/attractionsnew-1/lightning-mcqueen%E2%80%99s-racing-academy","/attractionsnew/","fd229249-a1af-4858-8393-65ccf4e95f85",2022-11-23T03:14:49Z,2024-12-17T03:11:02Z,"a99c0fb9-f2ba-4022-a06f-fdbcb3a808ea","An engaging show for Cars fans; great for kids of all ages.","Not Available","wix:vector://v1/a99c0f_3ca1fe18764b43ab9d5b46f3fd338dfa.svg/HS.svg"
